Date,00:30,01:00,01:30,02:00,02:30,03:00,03:30,04:00,04:30,05:00,05:30,06:00,06:30,07:00,07:30,08:00,08:30,09:00,09:30,10:00,10:30,11:00,11:30,12:00,12:30,13:00,13:30,14:00,14:30,15:00,15:30,16:00,16:30,17:00,17:30,18:00,18:30,19:00,19:30,20:00,20:30,21:00,21:30,22:00,22:30,23:00,23:30,00:00
04/01/2024,0.46,0.45,0.44,0.47,0.46,0.46,0.45,0.04,0.05,0.05,0.03,0.05,0.04,0.04,0.04,0.22,0.97,0.10,0.17,0.18,0.19,0.31,0.49,1.16,0.41,1.27,0.57,1.01,0.13,0.27,0.13,0.31,0.35,0.10,0.51,2.64,0.33,0.41,0.17,0.97,0.51,0.59,0.23,0.55,0.90,0.66,0.84,1.05
05/01/2024,0.43,0.43,0.39,0.42,0.37,0.40,0.38,0.41,0.34,0.42,0.23,0.05,0.03,0.12,0.11,0.04,0.09,0.38,2.21,2.42,0.57,0.37,0.21,1.01,0.21,1.40,1.14,1.05,0.54,0.33,0.42,0.18,0.18,1.26,0.05,0.07,1.16,0.15,0.65,0.20,0.28,0.87,0.71,0.52,0.91,0.40,0.38,1.22
06/01/2024,0.36,0.37,0.40,0.39,0.37,0.38,0.43,0.47,0.48,0.41,0.42,0.50,0.41,0.41,0.43,0.47,0.47,0.38,2.02,2.31,2.73,0.19,0.36,0.07,0.06,0.06,0.38,0.31,0.51,0.35,0.32,0.16,0.35,0.27,0.16,0.79,0.95,0.09,0.50,0.06,0.03,0.45,0.68,1.29,0.42,0.44,0.44,0.41
07/01/2024,0.42,0.43,0.25,0.06,0.05,0.03,0.03,0.06,0.04,0.03,0.03,0.06,0.04,0.03,0.10,1.81,0.58,1.21,0.98,0.57,2.97,3.56,0.46,0.40,0.20,0.13,0.07,0.07,1.32,0.81,0.17,0.09,0.70,0.27,0.06,0.50,0.18,0.22,0.61,0.86,0.72,0.90,0.09,0.02,0.02,0.06,0.03,0.41
08/01/2024,0.04,0.05,0.02,0.02,0.05,0.05,0.02,0.02,0.04,0.05,0.02,0.02,0.03,0.20,0.66,0.13,0.08,0.17,0.24,0.23,0.06,0.45,0.71,1.06,0.62,0.24,0.05,0.36,0.34,0.16,0.51,1.19,1.58,0.88,0.36,0.05,0.34,0.77,0.36,0.15,0.69,0.06,0.64,0.59,0.76,0.50,0.45,0.02
09/01/2024,0.46,0.42,0.42,0.48,0.42,0.40,0.45,0.44,0.41,0.42,0.44,0.44,0.45,0.33,2.07,1.32,0.48,0.53,0.61,1.14,1.39,0.97,1.40,1.61,0.71,0.52,0.02,0.51,0.27,0.81,0.62,0.43,1.22,0.74,0.51,0.43,0.51,1.50,1.56,0.65,0.60,0.46,0.43,0.45,0.40,0.47,0.44,0.43
10/01/2024,0.50,0.50,0.42,0.42,0.42,0.51,0.42,0.46,0.40,0.44,0.44,0.48,0.41,0.14,0.73,0.54,0.39,1.43,1.49,1.31,1.54,1.52,1.97,0.69,0.52,0.88,0.51,0.88,0.19,0.26,0.10,0.09,0.38,0.42,0.41,0.26,0.62,0.30,0.45,0.95,0.94,0.63,0.97,0.53,0.54,0.55,0.52,0.43
11/01/2024,0.55,0.53,0.51,0.54,0.53,0.58,0.49,0.52,0.55,0.52,0.53,0.52,0.53,1.52,3.84,0.10,0.08,0.06,0.30,0.13,0.40,1.45,0.72,0.34,0.04,0.03,0.52,0.16,0.52,0.10,0.28,0.47,1.04,0.36,0.40,1.41,0.60,0.20,0.15,0.58,0.66,0.71,0.77,0.54,0.59,0.57,0.67,0.59
12/01/2024,0.72,0.74,0.72,0.72,0.75,0.73,0.71,0.73,0.76,0.75,0.73,0.72,0.72,0.54,0.65,0.41,0.30,0.06,1.21,0.66,0.63,0.12,0.28,1.38,0.65,0.72,0.29,0.14,0.30,0.08,0.40,0.42,0.12,0.83,0.40,0.90,0.53,1.08,2.92,0.58,0.58,0.78,0.72,0.60,0.10,0.12,0.12,0.67
13/01/2024,0.03,0.31,0.24,0.02,0.05,0.04,0.02,0.04,0.05,0.02,0.03,0.05,0.02,0.03,0.05,0.09,0.37,0.84,0.54,0.10,0.13,0.41,0.25,0.76,0.54,0.63,1.34,0.57,0.87,0.09,0.09,0.05,0.46,0.10,0.08,0.13,0.64,0.25,0.31,0.17,0.19,0.66,1.19,0.52,0.61,0.15,0.13,0.12
14/01/2024,0.14,0.15,0.13,0.15,0.16,0.13,0.16,0.13,0.86,0.76,0.77,0.70,0.73,0.72,0.70,0.73,0.46,1.23,0.63,0.10,0.06,0.38,0.17,0.09,0.05,0.22,0.61,0.32,2.87,1.15,0.14,0.09,0.93,0.87,0.30,0.89,0.20,1.06,1.21,0.75,0.23,0.08,0.06,0.08,0.07,0.07,0.09,0.15
15/01/2024,0.05,0.07,0.04,0.06,0.06,0.04,0.06,0.06,0.04,0.06,0.07,0.04,0.06,1.12,1.09,1.62,2.82,2.71,0.45,1.05,0.58,0.29,1.46,1.55,1.40,0.76,0.34,0.54,0.48,0.06,0.51,0.72,0.45,0.98,0.07,0.43,0.66,0.62,0.27,0.75,0.75,0.69,0.69,0.64,0.63,0.06,0.02,0.04
16/01/2024,0.04,0.02,0.05,0.04,0.02,0.05,0.04,0.02,0.04,0.04,0.02,0.03,0.05,0.50,1.96,0.93,0.64,0.26,0.40,0.74,0.37,0.53,1.40,1.17,1.27,0.72,0.13,0.21,0.21,0.09,0.36,0.27,0.13,0.42,0.20,0.15,0.15,0.23,0.39,0.09,0.53,1.16,0.99,0.88,0.95,0.21,0.75,0.04
17/01/2024,0.59,0.05,0.03,0.06,0.04,0.03,0.06,0.03,0.03,0.06,0.03,0.03,0.06,0.31,1.28,0.11,0.09,0.28,0.12,0.09,0.16,0.18,1.04,0.36,0.71,1.02,0.27,0.13,0.53,0.17,0.28,0.13,0.30,0.74,1.18,1.31,1.50,1.22,0.99,0.54,0.99,0.53,0.53,0.51,0.56,0.48,0.51,0.63
18/01/2024,0.51,0.48,0.49,0.48,0.51,0.53,0.45,0.51,0.48,0.52,0.43,0.54,0.46,0.22,0.33,1.65,0.38,0.09,0.07,0.43,0.30,0.08,0.23,2.78,1.59,0.88,0.38,0.21,0.14,0.06,0.05,0.06,0.03,0.05,0.05,0.02,0.04,0.04,0.02,0.04,0.05,0.02,0.12,1.01,0.75,0.85,0.59,0.47
19/01/2024,0.47,0.47,0.46,0.44,0.49,0.41,0.43,0.51,0.39,0.44,0.41,0.42,0.39,0.41,0.22,0.61,0.08,0.06,0.38,0.71,0.49,0.03,0.09,0.09,0.06,0.59,0.58,0.53,1.00,1.30,0.42,0.50,0.67,2.84,0.93,0.43,1.21,0.50,0.74,0.19,0.12,0.65,0.57,0.55,0.53,0.65,0.52,0.48
20/01/2024,0.61,0.52,0.59,0.52,0.54,0.54,0.49,0.53,0.51,0.53,0.52,0.46,0.55,0.53,0.46,0.18,0.32,0.47,1.21,0.87,0.50,0.91,0.67,0.17,1.11,1.10,0.85,0.34,0.10,0.07,0.23,0.10,0.21,0.11,0.04,0.05,0.03,0.06,0.03,0.05,0.04,0.61,0.52,0.58,0.56,0.54,0.61,0.54
21/01/2024,0.52,0.56,0.53,0.48,0.40,0.52,0.62,0.52,0.56,0.38,0.02,0.03,0.05,0.21,0.05,0.05,0.06,0.66,2.08,0.65,0.80,0.09,2.24,1.32,0.04,0.08,1.00,0.06,0.02,0.03,0.03,0.02,0.05,0.60,0.49,1.20,0.34,1.15,0.81,0.75,0.09,0.71,0.30,0.13,1.12,0.71,0.04,0.51
22/01/2024,0.06,0.03,0.03,0.05,0.02,0.04,0.04,0.02,0.04,0.04,0.02,0.04,1.21,0.45,0.41,0.20,0.24,0.34,0.37,0.54,0.32,1.00,0.62,1.36,1.50,0.78,0.24,0.28,0.09,0.04,0.32,0.36,0.09,0.32,1.76,0.26,0.25,0.59,0.38,0.55,0.30,0.71,0.62,0.64,0.60,0.58,0.68,0.03
23/01/2024,0.63,0.60,0.62,0.62,0.60,0.63,0.67,0.58,0.62,0.62,0.64,0.60,0.69,0.49,2.98,0.07,0.09,0.77,1.02,0.08,0.45,0.70,0.54,0.38,1.16,1.48,0.63,0.47,0.30,0.06,0.09,0.30,0.35,0.59,0.27,0.04,0.41,0.25,0.79,0.10,1.11,0.64,0.67,0.64,0.64,0.48,0.04,0.64
24/01/2024,0.05,0.02,0.55,0.74,0.72,0.73,0.73,0.71,0.73,0.72,0.71,0.73,0.40,2.77,2.04,0.20,0.46,1.14,0.83,0.87,0.32,0.50,0.16,0.15,1.38,1.17,0.46,0.62,0.10,0.57,0.59,0.23,0.33,0.62,0.60,0.89,1.88,1.96,0.87,0.58,0.80,0.89,0.24,0.45,0.06,0.04,0.05,0.03
25/01/2024,0.51,0.56,0.50,0.48,0.52,0.50,0.48,0.52,0.49,0.48,0.45,0.49,0.43,1.56,4.26,0.06,1.22,0.32,0.08,0.08,0.04,0.13,0.40,0.30,0.25,0.04,0.04,0.46,0.08,0.07,0.11,0.36,0.74,0.42,0.47,0.43,0.48,0.26,0.50,0.34,0.11,1.27,0.47,0.53,0.03,0.06,0.03,0.31
26/01/2024,0.03,0.06,0.03,0.05,0.04,0.04,0.05,0.03,0.06,0.04,0.03,0.06,0.03,0.87,1.53,0.09,0.07,0.06,0.06,0.61,0.47,0.35,0.87,0.86,0.91,0.22,0.50,0.65,0.44,0.49,0.54,0.40,0.59,1.04,0.58,1.18,0.08,0.29,0.37,0.31,0.77,0.91,0.45,0.92,0.42,0.02,0.05,0.06
27/01/2024,0.03,0.03,0.02,0.05,0.02,0.03,0.04,0.02,0.04,0.03,0.02,0.04,0.03,0.02,0.04,0.14,0.15,1.42,0.21,0.07,0.62,0.70,2.51,0.31,0.86,0.16,0.19,0.02,0.04,0.02,0.03,0.04,0.02,0.04,0.07,0.04,0.02,0.04,0.03,0.02,1.01,1.07,0.66,1.05,0.60,0.62,0.56,0.02
28/01/2024,0.62,0.55,0.57,0.60,0.54,0.61,0.55,0.55,0.59,0.60,0.58,0.60,0.61,0.61,0.63,0.61,0.34,0.42,1.25,0.95,0.15,0.06,0.09,0.75,1.61,2.34,2.89,0.07,0.12,0.07,0.05,0.10,0.30,0.08,0.07,1.28,0.25,0.74,0.22,0.40,0.33,1.16,0.68,1.06,0.55,0.53,0.54,0.60
29/01/2024,0.52,0.60,0.51,0.60,0.49,0.56,0.55,0.56,0.55,0.17,0.03,0.24,0.75,1.07,2.75,0.13,0.60,0.71,0.17,0.06,1.83,1.50,0.82,1.72,1.29,1.35,0.39,0.30,0.62,0.57,0.16,0.47,0.48,0.15,0.03,0.44,0.78,0.73,0.92,0.75,0.99,0.78,0.99,0.30,0.58,0.02,0.05,0.54
30/01/2024,0.03,0.05,0.02,0.24,0.53,0.48,0.50,0.53,0.50,0.54,0.51,0.49,0.48,0.76,3.79,0.11,0.34,0.59,0.08,0.45,0.14,0.51,0.33,0.02,0.11,0.41,0.60,0.27,0.05,1.77,1.38,0.17,1.39,0.13,0.04,0.05,0.34,0.40,0.51,0.27,0.35,0.31,0.37,0.35,0.72,0.29,0.04,0.03
31/01/2024,0.05,0.03,0.03,0.06,0.03,0.03,0.06,0.03,0.02,0.05,0.04,0.02,0.04,2.48,1.04,0.13,0.50,0.91,0.66,0.10,0.08,0.17,0.43,0.08,0.40,0.82,0.47,1.17,1.30,1.25,0.93,0.08,0.71,0.24,0.91,1.18,0.76,0.52,0.05,0.23,0.51,0.76,0.01,0.75,0.73,0.72,0.75,0.02
01/02/2024,0.73,0.76,0.73,0.73,0.76,0.74,0.73,0.76,0.74,0.73,0.76,0.74,0.73,1.07,4.93,0.08,0.21,0.74,0.31,0.05,0.30,0.73,1.93,1.60,1.72,0.80,0.04,0.59,0.58,0.63,0.94,0.73,0.98,0.53,0.63,0.13,0.69,0.08,0.56,0.05,0.04,0.04,0.06,0.17,0.76,0.71,0.73,0.74
02/02/2024,0.72,0.70,0.65,0.68,0.70,0.68,0.70,0.69,0.66,0.69,0.70,0.66,0.65,0.73,0.56,0.05,0.19,0.32,0.60,1.29,1.56,0.94,0.12,0.09,0.05,0.07,0.27,0.06,0.13,0.06,0.04,0.12,0.12,0.37,1.16,0.48,0.16,1.27,0.69,0.19,0.09,0.10,0.10,0.32,0.46,0.36,0.37,0.67
03/02/2024,0.33,0.34,0.34,0.37,0.35,0.36,0.35,0.35,0.38,0.36,0.41,0.32,0.37,0.09,0.20,0.08,0.18,0.41,0.49,0.40,0.07,0.34,0.80,0.50,0.77,0.56,0.73,0.71,0.30,0.08,0.04,0.41,0.05,0.26,0.06,0.10,0.08,0.04,0.07,0.52,0.28,0.40,0.11,0.59,1.02,0.95,0.78,0.37
04/02/2024,0.63,0.67,0.61,0.62,0.60,0.62,0.59,0.65,0.57,0.60,0.63,0.60,0.61,0.59,0.59,0.33,0.30,0.21,0.56,0.33,0.24,0.31,0.06,1.53,5.26,2.30,0.39,0.63,0.10,0.08,0.08,0.06,0.40,0.77,0.28,1.41,2.24,0.94,0.97,0.62,1.03,1.20,0.80,0.68,0.41,0.47,0.40,0.94
05/02/2024,0.43,0.46,0.40,0.47,0.44,0.42,0.43,0.41,0.44,0.43,0.41,0.47,0.42,0.92,0.91,0.07,0.04,0.03,0.18,0.36,0.22,0.72,1.42,1.30,0.57,0.72,0.42,0.45,1.03,0.99,0.72,0.41,0.35,0.43,0.95,0.67,1.29,4.31,1.05,0.24,0.49,0.36,0.37,0.34,0.34,0.38,0.32,0.44
06/02/2024,0.03,0.06,0.03,0.07,0.06,0.03,0.04,0.04,0.03,0.05,0.02,0.05,0.03,2.04,3.27,0.08,0.32,0.04,0.06,0.04,0.05,0.08,2.56,0.57,0.55,1.58,0.47,0.86,0.32,0.50,0.33,0.23,0.33,0.52,0.34,0.58,1.07,0.91,0.72,0.11,0.45,0.29,0.47,0.06,0.07,0.05,0.03,0.39
07/02/2024,0.41,0.44,0.45,0.47,0.08,0.02,0.03,0.04,0.02,0.03,0.04,0.02,0.03,0.04,0.52,2.95,0.49,0.19,0.08,0.07,0.16,0.68,0.73,1.30,0.48,0.48,0.44,0.54,0.43,0.48,0.42,0.60,0.60,0.52,0.07,0.03,0.06,0.06,0.11,0.06,1.80,0.81,0.97,0.44,0.06,0.53,0.03,0.56
08/02/2024,0.02,0.05,0.02,0.03,0.05,0.02,0.03,0.04,0.02,0.02,0.05,0.03,0.04,0.06,0.03,2.00,1.05,0.07,0.05,0.60,0.14,0.34,1.38,2.45,0.76,1.24,1.17,1.02,0.24,0.37,0.21,0.05,0.11,0.36,0.14,0.05,0.11,0.19,0.40,0.29,0.23,0.63,0.42,0.16,0.86,0.70,0.69,0.04
09/02/2024,0.71,0.69,0.49,0.04,0.04,0.02,0.02,0.05,0.03,0.02,0.02,0.05,0.03,0.73,3.03,1.11,0.10,0.06,2.77,1.38,1.19,0.32,0.69,0.47,1.86,1.10,0.08,0.40,0.16,0.21,0.37,0.83,0.82,0.72,0.69,0.72,0.83,0.17,0.40,1.39,0.55,0.37,0.42,0.33,0.38,0.38,0.37,0.69
10/02/2024,0.39,0.36,0.37,0.40,0.38,0.37,0.38,0.38,0.42,0.35,0.39,0.40,0.33,0.33,0.37,0.36,0.42,0.69,0.35,0.36,0.17,0.69,0.16,0.02,0.38,0.31,0.27,0.52,0.13,0.49,0.33,1.54,0.89,0.46,0.40,0.33,0.47,0.25,0.30,0.28,0.44,0.49,0.02,0.05,0.02,0.04,0.03,0.35
11/02/2024,0.07,0.05,0.03,0.02,0.04,0.03,0.02,0.03,0.04,0.02,0.02,0.05,0.04,0.02,0.02,0.14,0.59,0.22,0.42,0.21,0.16,0.41,0.68,0.11,1.61,1.61,0.71,1.42,0.45,0.40,0.12,0.04,0.12,0.26,0.42,2.10,0.33,0.25,0.67,0.65,0.63,0.61,0.60,0.60,0.65,0.63,0.35,0.02
12/02/2024,0.02,0.03,0.04,0.02,0.03,0.04,0.02,0.03,0.05,0.02,0.02,0.05,0.03,0.49,4.73,0.11,0.60,0.15,0.04,0.03,0.05,1.94,2.86,1.10,1.21,0.62,0.40,0.35,0.59,1.04,1.09,0.87,0.10,0.65,0.08,0.05,0.25,0.30,0.34,0.85,0.30,0.43,0.11,0.03,0.04,0.03,0.02,0.04
13/02/2024,0.03,0.02,0.03,0.04,0.04,0.02,0.05,0.02,0.02,0.04,0.04,0.02,0.02,0.14,4.10,1.02,0.30,0.07,0.06,0.06,0.48,0.86,1.96,1.16,0.99,1.09,1.95,0.24,0.09,0.08,0.17,0.80,0.72,0.05,0.22,1.07,0.37,0.59,0.65,0.48,0.07,0.45,0.05,0.03,0.36,0.50,0.47,0.04
14/02/2024,0.50,0.45,0.51,0.42,0.51,0.45,0.45,0.45,0.50,0.44,0.49,0.45,0.46,1.11,2.68,0.19,0.61,0.43,0.08,1.03,0.76,0.42,0.45,0.97,0.22,0.96,0.40,0.24,0.14,0.46,0.44,0.19,0.22,0.19,0.07,0.12,0.43,0.43,0.50,0.41,0.36,0.69,0.13,0.48,0.03,0.05,0.02,0.47
15/02/2024,0.05,0.03,0.02,0.05,0.03,0.02,0.04,0.05,0.02,0.02,0.05,0.03,0.02,0.09,0.04,0.47,0.59,1.86,2.35,1.36,0.67,0.06,0.58,1.62,0.82,1.32,1.38,0.45,0.34,0.25,0.61,0.52,0.33,0.26,0.37,1.85,0.07,0.09,0.08,0.20,0.29,0.08,0.26,0.50,0.98,0.70,0.86,0.03
16/02/2024,0.57,0.51,0.60,0.55,0.52,0.52,0.40,0.03,0.02,0.05,0.08,0.03,0.04,0.05,0.03,1.24,1.59,1.46,0.07,0.17,0.02,0.02,0.10,0.03,0.15,0.41,0.20,0.57,2.37,0.04,0.12,0.17,0.09,0.94,0.75,0.28,0.26,0.03,0.04,0.02,0.02,0.05,0.99,0.62,0.58,0.64,1.01,0.56
17/02/2024,0.05,0.03,0.02,0.03,0.05,0.02,0.02,0.04,0.04,0.02,0.03,0.08,0.11,1.69,0.16,0.56,1.64,0.28,0.25,3.39,2.31,0.73,0.04,0.04,0.06,0.03,0.05,0.06,0.03,0.04,0.12,0.06,0.04,0.29,0.05,0.76,0.43,0.07,1.01,0.54,0.55,0.61,0.51,0.51,0.17,0.02,0.04,0.18
18/02/2024,0.02,0.04,0.03,0.02,0.04,0.03,0.02,0.13,0.10,0.06,0.03,0.05,0.03,0.02,0.05,0.04,0.07,0.42,0.59,0.20,0.62,2.27,0.89,5.07,3.54,0.76,0.72,0.15,0.03,0.06,0.04,0.03,0.06,0.03,0.04,0.06,0.03,0.04,0.06,0.35,0.91,0.81,0.99,0.48,0.49,0.51,0.48,0.03
19/02/2024,0.50,0.50,0.47,0.48,0.20,0.02,0.03,0.04,0.02,0.02,0.05,0.02,0.06,1.64,4.21,0.10,1.11,0.09,1.38,1.04,1.22,0.82,0.21,0.06,0.69,0.11,0.06,0.23,0.13,0.18,0.47,0.24,0.16,0.94,0.69,0.68,0.62,0.41,0.21,0.20,0.84,0.31,0.47,0.09,0.03,0.04,0.06,0.49
20/02/2024,0.03,0.06,0.04,0.03,0.05,0.05,0.02,0.03,0.06,0.04,0.03,0.03,0.93,3.87,0.93,0.09,0.77,1.31,0.46,0.07,0.53,0.71,0.50,1.06,0.91,0.31,0.02,0.15,0.35,0.05,0.51,1.03,1.97,0.63,0.47,0.25,0.13,0.10,0.46,0.11,0.55,0.46,0.60,0.04,0.43,0.03,0.05,0.03
21/02/2024,0.25,0.49,0.05,0.03,0.02,0.04,0.04,0.02,0.02,0.05,0.03,1.56,0.19,2.62,0.36,0.61,1.30,0.11,0.04,0.02,0.14,1.13,0.28,0.29,0.06,0.13,0.55,0.12,0.06,0.06,0.09,0.14,0.69,0.56,1.02,0.53,0.51,0.22,0.51,0.08,0.21,0.06,0.05,0.02,0.03,0.05,0.02,0.52
22/02/2024,0.41,0.35,0.38,0.40,0.36,0.38,0.35,0.41,0.38,0.34,0.39,0.42,0.46,0.32,3.52,0.90,0.42,1.23,1.68,0.57,1.53,0.38,0.38,0.31,0.41,0.35,2.20,0.39,0.34,0.10,0.06,0.30,0.60,0.15,0.68,0.06,0.38,0.14,0.54,0.36,0.07,0.05,0.24,0.12,0.05,0.18,0.44,0.02
23/02/2024,0.37,0.36,0.39,0.43,0.41,0.37,0.39,0.42,0.40,0.39,0.38,0.37,1.08,1.11,0.14,0.08,0.30,0.09,0.37,1.57,1.41,1.08,0.95,1.00,1.30,0.91,0.19,0.39,0.65,0.41,0.20,0.11,0.06,0.08,0.57,0.06,0.06,0.25,0.35,0.48,0.29,0.66,0.26,0.51,0.05,0.02,0.02,0.40
24/02/2024,0.03,0.02,0.03,0.48,0.27,0.22,0.22,0.30,0.27,0.23,0.08,0.02,0.04,0.11,0.09,0.75,0.24,0.37,0.47,0.31,0.09,0.10,0.34,0.31,2.55,0.75,0.72,1.52,0.39,0.54,0.33,0.24,0.42,0.04,0.08,0.06,0.05,0.38,0.93,1.42,0.89,0.28,0.42,0.49,0.46,0.54,0.51,0.05
25/02/2024,0.56,0.55,0.53,0.52,0.51,0.51,0.54,0.52,0.47,0.50,0.44,0.09,0.05,0.02,0.02,0.23,0.68,0.63,0.62,0.74,0.43,0.90,0.63,0.61,0.14,0.58,0.18,0.05,0.07,0.07,0.08,0.15,0.39,0.09,0.07,0.61,0.89,0.29,0.74,0.63,0.71,0.49,0.51,0.48,0.47,0.46,0.54,0.54
26/02/2024,0.03,0.05,0.02,0.02,0.05,0.03,0.02,0.03,0.05,0.03,0.02,1.04,0.12,0.34,0.50,0.19,0.77,0.30,0.06,0.05,0.11,0.57,0.15,0.38,0.40,0.92,0.12,1.24,0.60,0.32,2.02,0.47,0.06,0.30,0.03,1.00,0.40,0.44,0.98,0.62,0.28,0.45,0.29,0.06,0.04,0.02,0.04,0.46
27/02/2024,0.03,0.02,0.03,0.05,0.07,0.05,0.03,0.02,0.02,0.04,0.05,0.05,0.09,0.55,0.51,0.44,0.93,0.26,0.56,0.06,0.03,0.03,0.09,0.05,0.21,0.39,0.07,0.05,0.09,0.24,0.16,0.16,0.14,0.31,0.10,0.08,0.26,0.42,0.15,0.07,0.18,0.50,0.38,0.60,0.68,0.80,0.43,0.05
28/02/2024,0.41,0.36,0.37,0.06,0.05,0.04,0.02,0.02,0.04,0.05,0.02,0.02,0.02,0.91,1.77,0.10,1.01,0.77,0.75,0.79,0.62,0.10,1.04,0.83,1.33,0.61,0.29,0.13,0.09,0.09,0.63,0.11,0.49,0.04,0.02,0.04,0.33,0.16,0.40,0.39,0.32,0.33,0.39,2.67,0.03,0.02,0.04,0.81
29/02/2024,0.02,0.02,0.04,0.05,0.02,0.02,0.03,0.05,0.04,0.02,0.02,0.04,0.05,1.16,0.12,0.10,0.50,0.33,0.43,1.82,0.29,0.23,0.26,0.05,0.05,0.03,0.03,0.24,0.10,0.06,0.06,0.09,0.08,0.35,0.07,0.14,0.08,0.57,0.82,0.57,0.03,1.00,0.13,0.05,0.02,0.02,0.05,0.05
01/03/2024,0.02,0.02,0.04,0.05,0.02,0.02,0.02,0.05,0.05,0.02,0.02,0.02,0.05,0.58,0.60,0.10,0.03,0.34,0.93,1.09,0.57,0.07,0.85,0.42,0.08,0.07,0.07,0.38,0.37,0.05,0.06,0.10,0.21,0.12,0.04,1.95,1.14,0.47,0.91,0.85,0.53,0.70,0.35,0.31,0.38,0.39,0.33,0.04
02/03/2024,0.40,0.42,0.28,0.03,0.02,0.02,0.02,0.05,0.05,0.02,0.02,0.02,0.02,0.06,0.37,0.35,0.51,0.52,0.11,0.11,0.09,0.05,1.10,0.62,0.10,2.45,0.05,0.02,0.05,0.07,0.06,0.05,0.02,0.02,0.02,0.06,0.49,0.32,0.26,0.26,0.02,0.04,0.05,0.08,0.38,0.59,0.59,0.34
03/03/2024,0.62,0.61,0.58,0.59,0.58,0.57,0.47,0.05,0.04,0.02,0.02,0.02,0.02,0.03,0.05,0.55,1.92,0.88,0.10,0.39,0.44,0.95,0.98,2.94,4.67,1.78,0.07,0.03,0.07,0.18,0.19,0.32,0.51,0.36,0.64,0.43,0.86,0.61,0.79,0.35,0.02,0.03,0.05,0.03,0.02,0.02,0.05,0.56
04/03/2024,0.02,0.02,0.04,0.06,0.04,0.03,0.02,0.02,0.05,0.05,0.02,0.02,1.07,1.37,0.39,0.05,1.18,0.49,0.06,0.44,0.65,0.69,0.96,1.49,1.01,0.35,0.03,0.09,0.10,0.13,0.38,0.36,0.13,0.06,2.17,0.25,0.36,0.42,0.61,0.80,1.36,0.75,1.24,0.71,0.74,0.72,0.72,0.04
05/03/2024,0.24,0.06,0.05,0.03,0.02,0.02,0.04,0.05,0.04,0.39,1.62,0.25,0.05,0.15,0.42,0.08,0.42,2.19,0.78,0.41,0.06,0.05,0.04,0.40,0.75,0.11,0.75,0.72,0.82,0.30,0.12,0.50,1.70,0.10,0.09,0.07,0.06,0.09,0.61,0.71,0.19,0.05,0.03,0.50,1.24,1.03,1.19,0.72
06/03/2024,0.70,0.73,0.74,0.17,0.02,0.03,0.05,0.03,0.02,0.02,0.08,0.05,0.10,1.75,0.71,0.06,0.05,0.02,0.03,0.05,0.26,0.85,0.10,0.24,0.30,0.23,0.07,0.59,0.28,0.55,0.79,0.50,0.31,0.26,0.15,0.05,0.05,0.45,0.32,0.15,0.09,0.61,1.05,0.69,0.93,0.48,0.49,0.70
07/03/2024,0.45,0.47,0.44,0.19,0.05,0.03,0.02,0.04,0.06,0.04,0.03,0.34,0.32,0.13,0.07,0.03,0.26,0.20,0.15,0.65,0.75,0.64,0.37,0.38,0.15,0.39,0.93,0.60,0.28,0.07,0.06,0.06,0.10,0.30,0.03,0.20,0.17,0.51,0.52,0.62,0.49,0.78,0.48,0.74,0.31,0.25,0.28,0.48
08/03/2024,0.27,0.27,0.31,0.33,0.26,0.28,0.30,0.21,0.04,0.08,0.10,0.04,0.05,0.03,1.31,1.92,0.19,0.27,0.62,1.44,1.48,2.08,0.88,0.98,0.61,0.73,0.41,0.25,0.53,0.45,0.52,0.42,0.35,0.64,0.34,0.34,0.39,0.59,0.28,0.09,0.44,0.83,0.74,0.91,0.43,0.45,0.50,0.31
09/03/2024,0.42,0.48,0.47,0.04,0.02,0.03,0.05,0.03,0.02,0.02,0.05,0.04,0.02,0.02,0.04,0.05,0.40,0.65,0.38,0.12,0.09,0.35,0.38,0.13,0.78,0.51,0.09,0.11,3.56,0.18,0.08,0.15,1.02,0.07,0.53,0.07,0.22,0.38,0.28,0.57,0.68,0.47,0.53,0.49,0.52,0.48,0.49,0.41
10/03/2024,0.50,0.47,0.51,0.49,0.45,0.53,0.46,0.25,0.04,0.05,0.03,0.02,0.06,0.05,0.18,0.04,0.18,0.76,0.34,0.58,0.06,1.35,1.53,1.01,0.36,0.28,0.03,0.13,0.35,0.54,0.31,0.31,0.35,0.48,0.32,0.32,0.10,0.39,0.14,0.03,0.53,0.50,0.45,0.46,0.49,0.45,0.48,0.50
11/03/2024,0.50,0.18,0.02,0.02,0.03,0.05,0.03,0.02,0.02,0.04,0.05,0.03,0.10,1.81,0.36,0.07,1.18,1.17,0.99,0.49,0.07,0.77,1.09,0.76,0.80,0.44,0.08,0.55,0.17,0.08,0.10,0.09,0.09,0.31,0.12,0.10,0.37,0.24,0.53,0.67,0.60,0.60,0.60,0.61,0.63,0.01,0.63,0.43
12/03/2024,0.02,0.05,0.05,0.02,0.02,0.02,0.03,0.05,0.03,0.02,0.02,0.02,0.05,0.12,1.77,0.09,0.31,0.55,0.06,0.47,0.05,0.20,0.94,1.11,0.58,0.09,0.06,0.12,0.19,0.60,0.39,0.30,0.36,0.14,0.08,0.40,0.44,0.04,0.54,0.59,0.63,0.59,0.58,0.54,0.63,0.61,0.72,0.04
13/03/2024,0.40,0.05,0.03,0.02,0.04,0.05,0.02,0.02,0.04,0.05,0.03,0.02,0.02,0.06,1.92,0.06,0.02,0.62,1.62,1.11,0.83,0.48,0.50,0.69,0.86,0.93,0.30,0.41,0.25,0.42,0.31,0.10,0.11,0.34,0.03,0.04,0.12,0.52,0.54,0.48,0.46,0.35,0.38,0.36,0.16,0.03,0.02,0.60
14/03/2024,0.04,0.02,0.02,0.05,0.07,0.05,0.02,0.02,0.03,0.05,0.02,0.02,1.05,0.51,1.17,0.56,0.12,0.83,1.49,0.38,0.94,0.49,0.69,0.26,0.37,0.25,0.36,0.23,0.40,0.40,1.27,1.21,0.36,0.03,0.05,0.10,0.14,2.69,0.22,0.48,0.48,1.10,0.48,0.93,0.44,0.46,0.43,0.04
15/03/2024,0.41,0.47,0.45,0.40,0.45,0.43,0.44,0.22,0.07,0.05,0.04,0.06,0.04,0.74,2.65,0.12,1.73,0.82,0.54,0.81,0.08,1.02,1.12,0.31,0.26,0.06,0.40,0.19,0.32,0.08,0.14,0.05,0.16,0.11,0.08,0.06,0.14,0.36,0.09,0.48,0.32,0.45,0.52,0.03,0.48,0.40,0.40,0.44
16/03/2024,0.40,0.42,0.43,0.38,0.39,0.46,0.39,0.39,0.43,0.43,0.39,0.40,0.37,0.09,0.10,0.12,0.23,0.27,0.47,0.16,0.65,0.50,0.34,0.30,0.53,0.41,0.09,0.22,0.06,0.03,0.06,1.13,2.12,0.47,0.05,0.53,0.36,0.36,0.11,0.04,0.21,0.31,0.62,0.56,0.34,0.22,0.02,0.43
17/03/2024,0.05,0.02,0.02,0.23,0.41,0.36,0.38,0.35,0.39,0.38,0.37,0.34,0.20,0.12,0.48,0.33,0.34,0.38,0.07,0.05,0.04,0.41,0.56,0.22,0.28,2.85,0.96,0.44,0.22,0.04,0.05,0.02,0.05,0.14,0.06,0.13,0.15,0.14,0.26,0.20,0.38,0.37,0.33,0.31,0.33,0.33,0.32,0.05
18/03/2024,0.33,0.33,0.28,0.31,0.32,0.07,0.02,0.03,0.05,0.02,0.02,0.03,0.05,0.03,0.03,0.26,0.58,0.50,0.71,0.17,0.55,0.06,0.11,0.38,0.25,0.11,0.18,0.13,0.08,0.04,0.04,0.16,0.48,0.81,0.13,0.20,0.14,0.12,0.06,2.22,0.16,0.33,0.04,0.05,0.02,0.03,0.05,0.32
19/03/2024,0.02,0.04,0.05,0.02,0.02,0.04,0.04,0.02,0.02,0.07,0.06,0.03,1.18,1.52,0.12,0.03,0.56,0.68,0.38,0.65,1.79,0.24,0.57,0.26,0.17,0.04,0.06,0.03,0.25,0.34,0.08,0.16,0.63,0.07,0.03,0.46,0.37,0.04,0.61,1.49,0.02,0.02,0.05,0.04,0.02,0.03,0.05,0.02
20/03/2024,0.02,0.02,0.05,0.04,0.02,0.02,0.04,0.05,0.03,0.02,0.24,0.27,0.09,0.77,2.09,0.18,0.13,0.07,0.07,0.07,0.04,0.05,0.04,0.07,0.91,0.13,0.63,0.30,0.68,0.06,0.23,0.55,0.24,0.50,0.33,0.31,0.18,0.09,0.08,0.14,0.12,0.17,0.75,0.08,0.50,0.04,0.06,0.04
21/03/2024,0.06,0.04,0.04,0.05,0.02,0.05,0.05,0.03,0.06,0.04,0.03,0.06,0.03,0.02,0.06,0.22,1.03,0.08,0.07,0.26,0.30,0.24,0.23,0.77,0.28,0.14,0.11,0.06,0.11,0.29,0.05,0.05,0.09,0.02,0.21,0.10,0.09,0.12,0.14,0.05,0.08,0.38,0.51,1.10,0.55,0.71,0.29,0.03
22/03/2024,0.02,0.04,0.05,0.02,0.03,0.05,0.04,0.02,0.04,0.05,0.03,0.02,0.04,2.29,0.15,0.02,0.04,0.76,0.77,0.44,0.23,0.90,0.74,1.13,0.92,0.17,0.12,0.10,0.49,0.74,0.09,0.06,0.05,0.03,0.13,0.52,0.10,0.30,0.56,0.29,0.13,0.46,0.73,0.20,0.71,0.20,0.21,0.04
23/03/2024,0.02,0.05,0.03,0.02,0.03,0.05,0.03,0.02,0.03,0.05,0.04,0.02,0.02,0.04,0.21,0.10,0.39,0.07,0.56,0.29,0.20,1.71,0.39,0.59,0.08,0.17,0.15,0.15,0.02,0.01,0.02,0.04,0.02,0.01,0.01,0.04,0.09,0.08,0.03,0.01,0.04,0.20,0.02,0.02,0.03,0.05,0.36,0.06
24/03/2024,0.41,0.04,0.05,0.02,0.02,0.02,0.04,0.05,0.03,0.02,0.02,0.03,0.05,0.03,0.02,0.02,0.63,2.19,0.36,1.37,1.28,2.27,1.09,1.50,0.35,0.26,0.36,0.10,0.17,1.51,0.75,0.09,0.44,0.33,0.73,0.17,1.05,0.23,0.60,0.48,0.41,0.45,0.40,0.46,0.33,0.02,0.05,0.48
25/03/2024,0.02,0.08,0.05,0.03,0.02,0.02,0.05,0.04,0.02,0.02,0.04,0.05,0.02,0.15,0.20,0.65,1.31,1.35,0.30,0.35,0.26,0.86,0.91,0.87,0.27,0.10,0.74,0.67,0.42,0.58,0.11,0.14,0.08,0.15,0.17,0.12,0.23,0.50,0.24,0.05,0.05,1.71,1.14,0.59,0.06,0.05,0.02,0.03
26/03/2024,0.04,0.05,0.02,0.02,0.03,0.05,0.03,0.02,0.02,0.05,0.39,0.37,0.04,0.13,0.22,0.37,0.50,0.65,0.13,0.53,0.13,0.25,0.28,2.42,0.73,0.31,0.29,0.08,0.08,0.04,0.05,0.19,0.50,0.26,0.09,0.07,0.45,2.30,0.39,0.05,0.53,0.64,0.88,0.56,0.60,0.52,0.52,0.02
27/03/2024,0.51,0.52,0.51,0.53,0.48,0.54,0.52,0.48,0.51,0.51,0.51,0.56,0.22,0.09,0.04,0.06,0.72,1.07,0.79,0.69,1.01,1.62,0.73,1.16,0.38,0.54,0.18,0.15,0.12,0.06,0.07,0.58,0.47,0.43,0.07,0.05,0.25,0.33,0.15,0.66,1.32,0.77,1.14,0.63,0.66,0.24,0.06,0.49
28/03/2024,0.02,0.04,0.05,0.02,0.02,0.03,0.05,0.03,0.02,0.02,0.29,0.78,0.72,0.09,0.05,0.05,0.02,0.02,0.02,0.04,0.05,0.02,0.02,0.02,0.04,0.05,0.03,0.02,0.02,0.02,0.05,0.05,0.02,0.02,0.02,0.02,0.05,0.05,0.03,0.02,0.02,0.02,0.03,0.05,0.05,0.02,0.02,0.03
29/03/2024,0.02,0.04,0.05,0.05,0.02,0.02,0.02,0.02,0.02,0.05,0.05,0.03,0.02,0.02,0.02,0.02,0.04,0.05,0.05,0.02,0.02,0.02,0.02,0.03,0.05,0.05,0.02,0.02,0.02,0.02,0.02,0.05,0.05,0.03,0.02,0.02,0.02,0.02,0.04,0.05,0.04,0.02,0.02,0.02,0.02,0.03,0.05,0.02
30/03/2024,0.03,0.02,0.02,0.02,0.02,0.02,0.05,0.05,0.05,0.03,0.02,0.02,0.02,0.02,0.02,0.04,0.05,0.05,0.07,0.05,0.02,0.02,0.02,0.02,0.02,0.03,0.05,0.05,0.02,0.02,0.02,0.02,0.02,0.05,0.05,0.04,0.02,0.02,0.02,0.02,0.02,0.05,0.05,0.04,0.02,0.02,0.02,0.05
31/03/2024,0.02,,,0.04,0.05,0.05,0.02,0.87,0.72,0.72,0.73,0.72,0.75,0.75,0.74,0.72,0.72,0.52,0.02,0.53,2.52,2.97,0.48,0.54,0.76,0.67,0.52,3.15,0.51,2.40,2.61,0.44,0.07,0.02,0.03,0.08,0.07,0.05,0.24,0.26,0.49,0.48,0.30,0.81,0.86,0.69,0.70,0.02
01/04/2024,0.46,0.46,0.46,0.47,0.47,0.46,0.49,0.46,0.16,0.03,0.02,0.02,0.05,0.05,0.17,0.03,0.04,0.05,0.39,1.83,0.71,0.51,0.15,0.83,0.59,0.68,0.82,0.41,0.11,0.09,0.08,0.09,0.06,0.27,0.12,0.05,0.02,0.02,0.05,0.08,0.45,0.25,0.64,0.67,0.67,0.98,0.53,0.74
02/04/2024,0.50,0.45,0.48,0.46,0.41,0.46,0.47,0.42,0.46,0.45,0.21,0.03,0.01,0.08,0.06,0.33,0.93,0.43,0.13,0.07,0.03,0.09,0.46,0.05,0.70,0.67,0.37,0.71,0.17,0.13,0.12,0.08,0.96,0.03,0.05,0.07,0.03,0.34,0.35,0.17,0.65,0.04,0.02,0.04,1.42,0.02,0.03,0.92
03/04/2024,0.02,0.02,0.05,0.04,0.02,0.02,0.05,0.04,0.02,0.02,0.05,0.04,0.02,0.02,0.05,0.05,0.09,0.06,0.86,1.01,0.31,0.20,0.07,0.28,0.43,1.29,0.47,0.73,0.77,1.09,0.20,0.07,0.25,0.08,0.15,0.21,0.77,0.62,0.44,0.18,0.29,0.33,1.35,0.78,1.18,0.72,0.70,0.05
04/04/2024,0.74,0.72,0.71,0.72,0.75,0.73,0.70,0.70,0.70,0.74,0.74,0.74,0.72,0.70,0.39,0.04,0.05,1.35,1.29,0.25,0.08,0.49,0.70,0.56,0.07,0.05,0.39,0.26,0.22,0.54,0.21,0.21,0.09,2.56,0.80,0.53,0.25,0.06,0.40,2.91,0.11,0.09,0.86,0.74,0.71,0.05,0.02,0.73
05/04/2024,0.05,0.03,0.02,0.03,0.05,0.03,0.02,0.02,0.05,0.03,0.02,0.02,0.70,0.79,0.70,0.72,0.18,0.20,0.17,0.39,0.68,0.44,0.07,0.57,0.16,0.09,0.75,0.87,3.84,2.05,0.14,0.10,0.06,0.08,0.10,0.08,0.11,1.08,1.14,0.49,0.41,1.62,0.30,0.09,0.29,0.83,0.23,0.03
06/04/2024,0.04,0.06,0.04,0.02,0.05,0.06,0.03,0.02,0.05,0.06,0.03,0.03,0.04,0.06,0.04,0.03,0.03,0.20,0.50,0.39,0.56,0.43,0.57,0.56,1.65,1.22,0.60,0.11,0.24,0.12,0.12,0.08,0.86,0.67,1.00,0.90,0.03,0.03,0.04,0.02,0.04,0.04,0.02,0.04,0.05,0.65,0.41,0.04
07/04/2024,0.03,0.02,0.06,0.05,0.02,0.04,0.05,0.03,0.02,0.04,0.05,0.03,0.02,0.09,0.06,0.04,0.04,0.30,0.72,0.85,0.91,0.11,0.08,0.03,0.37,0.22,0.28,0.04,0.06,0.02,0.05,0.10,0.10,0.32,0.16,0.05,0.18,0.59,0.65,0.30,1.18,0.48,0.04,0.53,0.03,0.02,0.04,0.06
08/04/2024,0.02,0.08,0.06,0.03,0.02,0.03,0.05,0.03,0.02,0.03,0.05,0.04,0.02,0.02,2.92,2.29,0.18,0.51,0.21,0.19,0.41,0.19,0.43,1.92,0.20,0.43,0.05,0.11,0.12,0.12,0.06,0.02,0.05,0.48,1.36,2.06,0.86,1.19,0.81,0.31,0.47,0.04,0.05,0.02,0.21,0.05,0.02,0.04
09/04/2024,0.05,0.04,0.02,0.02,0.05,0.03,0.02,0.02,0.05,0.03,0.02,0.02,0.05,0.04,2.69,0.27,0.21,0.13,0.10,0.86,0.87,0.14,0.41,0.80,0.89,0.20,0.23,0.28,0.11,0.14,0.42,0.62,1.25,0.84,0.07,0.04,0.07,0.24,0.41,0.14,0.02,0.02,0.05,0.39,0.53,0.33,0.07,0.02
10/04/2024,0.43,0.31,0.09,0.06,0.11,0.51,0.32,0.29,0.31,0.35,0.34,0.30,0.31,0.79,3.14,0.75,0.13,0.08,0.04,0.03,0.05,0.37,0.81,1.18,1.82,1.06,0.49,0.86,0.17,0.11,0.11,0.22,0.46,0.49,0.37,0.98,0.75,0.40,0.31,0.06,0.06,0.08,0.07,0.04,0.06,0.04,0.05,0.05
11/04/2024,0.04,0.06,0.05,0.04,0.07,0.05,0.04,0.07,0.04,0.05,0.06,0.04,0.05,0.05,1.79,0.61,0.06,0.58,0.16,0.05,0.07,0.80,0.09,0.03,0.14,0.02,0.47,1.03,0.50,0.69,0.10,0.06,0.05,0.03,0.36,0.10,0.25,0.35,0.31,0.44,0.41,0.49,0.19,0.43,0.32,0.33,0.15,0.06
12/04/2024,0.08,0.02,0.03,0.03,0.02,0.05,0.02,0.04,0.03,0.02,0.05,0.02,0.03,0.34,3.02,1.33,0.08,0.80,0.09,0.82,0.30,0.13,0.60,0.80,0.96,1.04,0.09,0.42,0.24,0.48,0.14,0.09,0.02,0.04,0.08,0.21,0.11,0.16,0.03,0.05,0.04,0.04,0.05,0.26,1.21,0.51,0.54,0.02
13/04/2024,0.02,0.05,0.02,0.03,0.04,0.02,0.04,0.03,0.02,0.05,0.02,0.02,0.06,0.07,0.10,0.06,0.04,0.41,0.13,0.06,0.02,0.54,0.21,2.66,1.63,0.10,0.17,0.06,0.04,0.02,0.05,0.02,0.04,0.03,0.02,0.10,0.53,2.12,2.27,1.75,1.35,1.40,1.47,0.11,0.49,0.23,0.03,0.03
14/04/2024,0.03,0.03,0.05,0.02,0.03,0.05,0.02,0.04,0.05,0.02,0.04,0.05,0.02,0.04,0.13,0.07,0.38,0.36,0.39,0.31,0.12,0.71,0.54,0.06,0.10,0.14,0.17,0.94,2.89,0.69,0.44,0.52,0.36,0.36,0.48,0.04,0.05,0.03,0.04,0.52,0.21,0.21,0.05,0.02,0.05,0.18,0.05,0.06
15/04/2024,0.17,0.05,0.02,0.21,0.02,0.04,0.04,0.17,0.05,0.04,0.02,0.22,0.03,1.23,1.78,0.33,0.07,0.07,0.43,0.11,0.32,0.61,0.48,0.10,0.60,0.95,0.16,0.86,0.27,0.59,0.51,0.11,0.04,0.04,0.06,0.02,0.26,0.61,0.47,0.71,0.10,0.15,0.29,0.04,0.03,0.30,0.06,0.03
16/04/2024,0.28,0.05,0.02,0.27,0.05,0.03,0.27,0.03,0.05,0.27,0.29,0.08,0.07,0.47,0.38,0.19,1.10,0.45,0.11,0.13,0.46,1.10,2.72,2.99,0.71,0.23,0.03,0.07,0.07,0.06,0.07,0.23,0.17,0.07,2.09,0.19,0.23,0.86,0.98,0.12,0.02,0.04,0.05,0.02,0.30,0.04,0.03,0.03
17/04/2024,0.03,0.02,0.04,0.03,0.13,0.04,0.04,0.02,0.04,0.05,0.02,0.04,0.05,0.28,0.43,0.91,0.03,0.13,0.06,0.43,0.28,0.05,0.01,0.31,2.33,0.23,0.05,0.05,0.08,0.07,0.58,0.32,0.10,0.72,0.43,0.21,0.41,0.41,0.03,0.03,0.05,0.04,0.07,0.31,0.07,2.30,0.02,0.05
18/04/2024,0.06,0.05,0.04,0.02,0.02,0.05,0.05,0.02,0.02,0.04,0.05,0.03,0.02,0.02,0.04,4.11,1.10,0.04,0.04,0.39,0.02,0.02,0.49,0.37,1.09,1.74,1.12,0.94,0.09,0.08,0.08,0.62,1.44,1.56,0.84,0.25,0.29,1.99,0.57,0.45,0.14,0.04,0.02,0.04,0.03,0.02,0.04,0.04
19/04/2024,0.02,0.02,0.05,0.03,0.02,0.02,0.05,0.04,0.02,0.02,0.05,0.05,0.02,0.02,0.29,3.04,0.09,0.25,0.32,0.20,0.57,0.53,0.89,1.00,1.58,0.31,0.16,0.66,0.47,0.18,0.10,0.12,0.17,0.15,0.18,0.35,0.10,0.10,0.11,0.39,0.37,0.09,0.72,0.57,0.04,0.02,0.05,0.04
20/04/2024,0.04,0.04,0.05,0.02,0.02,0.05,0.03,0.02,0.03,0.06,0.06,0.05,0.02,0.02,0.04,0.10,0.54,0.96,0.24,0.49,0.07,0.07,0.98,1.54,0.56,1.38,0.53,0.13,0.34,0.49,0.53,0.52,0.20,0.43,0.05,0.48,0.99,0.44,0.97,0.48,0.14,0.18,0.18,1.49,0.02,0.05,0.03,0.04
21/04/2024,0.04,0.02,0.05,0.03,0.02,0.05,0.02,0.03,0.05,0.02,0.03,0.05,0.02,0.03,0.05,0.02,0.22,0.39,0.47,0.48,0.08,0.07,0.07,0.06,0.02,0.97,0.21,0.48,0.24,0.08,0.04,0.02,0.04,0.02,0.03,0.03,0.02,0.04,0.04,0.11,0.07,0.05,0.05,0.04,0.04,0.03,0.06,0.03
22/04/2024,0.04,0.04,0.03,0.06,0.03,0.04,0.05,0.02,0.05,0.04,0.03,1.01,1.37,0.39,0.48,0.09,0.16,0.54,0.60,0.11,0.10,0.06,0.07,0.57,0.43,0.86,1.00,0.78,0.17,0.24,0.13,0.18,1.30,1.62,1.20,3.26,1.21,1.32,1.21,0.83,0.32,0.20,0.13,0.03,0.05,0.03,0.05,0.02
23/04/2024,0.04,0.05,0.02,0.05,0.03,0.03,0.05,0.03,0.77,0.10,0.02,0.02,0.05,0.25,1.23,0.10,0.05,0.08,0.03,0.15,0.12,1.31,0.47,0.92,0.10,0.05,0.02,0.06,0.71,0.14,0.53,0.19,0.05,0.05,0.02,0.03,0.05,0.02,0.02,0.11,0.08,0.03,0.05,0.03,0.02,0.05,0.03,0.03
24/04/2024,0.08,0.07,0.02,0.03,0.05,0.02,0.02,0.04,0.05,0.02,0.02,0.05,0.23,0.17,0.91,0.13,0.03,0.03,0.45,0.03,0.05,0.70,0.56,0.90,0.54,0.08,0.08,0.35,0.54,0.27,0.15,0.13,0.61,0.89,0.55,0.24,0.52,0.31,0.40,0.24,0.59,0.07,0.48,0.06,0.11,0.08,0.09,0.02
25/04/2024,0.06,0.04,0.05,0.02,0.03,0.05,0.03,0.02,0.05,0.04,0.02,0.04,0.11,0.07,1.86,0.21,0.05,1.11,1.82,0.66,0.15,0.26,0.07,0.05,0.13,0.10,0.06,0.82,0.70,0.54,0.19,0.45,0.38,0.13,0.17,0.11,0.18,0.97,0.82,0.38,0.15,0.03,0.04,0.06,0.03,0.03,0.05,0.10
26/04/2024,0.02,0.04,0.05,0.02,0.03,0.05,0.04,0.02,0.03,0.05,0.04,0.02,0.20,3.51,0.35,0.11,0.71,0.11,0.29,0.29,2.07,1.99,0.78,0.09,0.47,0.37,0.04,0.22,0.10,0.11,0.14,0.32,0.09,0.14,0.33,0.04,0.71,0.03,0.63,0.82,0.12,0.50,0.05,0.08,0.06,0.04,0.04,0.04
27/04/2024,0.05,0.02,0.03,0.04,0.02,0.05,0.03,0.02,0.05,0.03,0.02,0.05,0.05,0.09,0.19,0.22,0.38,0.15,0.12,0.07,0.09,0.09,0.10,0.48,3.29,4.83,1.98,1.20,1.17,0.87,1.96,0.08,0.16,0.13,0.09,0.04,0.47,0.31,0.06,1.08,0.33,0.05,0.02,0.04,0.04,0.02,0.05,0.02
28/04/2024,0.31,0.04,0.02,0.03,0.04,0.02,0.03,0.04,0.02,0.03,0.04,0.02,0.05,0.44,0.39,0.44,0.53,0.42,0.66,0.34,0.73,0.77,0.17,0.35,0.54,0.78,0.25,0.05,0.04,0.61,0.04,0.06,1.02,2.20,1.04,0.21,0.56,0.47,0.21,0.72,0.64,0.34,0.31,0.25,0.03,0.04,0.03,0.03
29/04/2024,0.03,0.03,0.03,0.04,0.02,0.05,0.02,0.04,0.03,0.02,0.05,0.02,0.06,0.83,2.84,0.51,1.80,0.42,0.25,0.17,0.83,1.06,0.67,1.65,0.49,0.07,0.07,0.14,0.12,0.12,0.22,0.14,1.01,1.55,1.42,0.45,0.47,0.44,0.23,0.44,0.49,0.18,0.35,0.02,0.03,0.03,0.02,0.03
30/04/2024,0.02,0.04,0.03,0.02,0.05,0.02,0.03,0.04,0.02,0.04,0.04,0.02,0.18,0.81,1.24,0.41,0.88,0.13,0.85,0.82,2.15,1.75,1.93,0.33,0.07,0.10,0.08,0.28,1.91,1.97,1.01,0.89,1.15,0.22,0.07,1.73,0.36,0.47,0.10,1.37,0.44,0.38,0.89,2.34,1.10,1.00,1.11,0.04
01/05/2024,0.38,0.38,0.38,0.38,0.31,0.37,0.36,0.33,0.32,0.35,0.37,0.11,0.68,1.21,3.56,0.69,1.28,0.39,0.15,0.67,0.97,0.52,0.84,2.14,0.49,0.02,0.11,0.33,0.09,0.07,0.05,0.10,0.07,0.44,1.04,1.17,1.25,1.47,1.43,1.39,2.05,0.98,0.75,0.39,0.35,0.40,0.35,0.56
02/05/2024,0.34,0.31,0.34,0.33,0.28,0.32,0.37,0.33,0.31,0.31,0.37,0.23,0.34,1.71,1.44,0.39,0.20,0.36,0.29,0.58,1.75,1.64,1.39,0.36,0.08,0.20,0.06,0.25,0.11,0.16,0.35,0.76,1.30,0.44,0.70,2.13,0.42,0.26,0.57,1.85,0.82,0.76,0.91,0.32,0.51,0.52,0.34,0.34
03/05/2024,0.30,0.31,0.34,0.28,0.28,0.33,0.27,0.29,0.31,0.31,0.28,0.14,0.47,3.30,1.89,1.04,0.64,0.49,0.51,1.19,0.10,0.67,0.13,1.15,0.10,0.04,0.09,0.15,0.08,0.12,0.66,0.15,0.46,0.04,0.04,0.03,0.04,0.04,0.04,0.03,0.12,0.08,0.08,0.07,0.36,0.30,0.34,0.48
04/05/2024,0.32,0.33,0.31,0.26,0.31,0.30,0.31,0.15,0.03,0.04,0.04,0.06,0.68,1.48,2.07,0.67,0.41,0.39,0.57,0.16,0.05,0.57,2.63,0.47,1.19,0.38,0.29,0.21,0.08,0.35,0.51,0.17,0.03,0.03,0.04,0.03,0.18,0.48,0.10,0.41,0.53,0.35,0.06,0.19,0.77,0.58,0.50,0.33
05/05/2024,0.33,0.34,0.30,0.30,0.30,0.30,0.17,0.03,0.04,0.02,0.04,0.02,0.64,0.12,0.29,1.15,1.85,1.70,1.50,1.23,1.22,2.57,1.19,1.18,1.58,0.37,0.38,1.27,0.38,0.17,0.23,0.24,0.13,0.15,0.13,0.24,0.07,0.31,0.25,0.61,1.85,1.49,0.87,0.44,0.75,0.33,0.28,0.59
06/05/2024,0.27,0.32,0.28,0.31,0.30,0.30,0.28,0.30,0.31,0.16,0.03,0.02,0.26,0.15,0.15,0.54,0.47,0.50,0.32,1.22,2.35,1.44,1.11,0.42,1.01,0.24,0.25,0.07,0.13,1.43,0.98,0.75,0.18,0.05,0.08,0.28,0.50,1.70,0.53,1.78,1.09,0.45,0.72,0.61,0.53,0.62,0.34,0.32
07/05/2024,0.31,0.35,0.33,0.31,0.35,0.29,0.33,0.34,0.30,0.33,0.17,0.20,0.28,0.05,0.32,0.44,1.19,1.95,1.94,1.76,0.48,0.55,0.42,0.19,0.14,1.20,0.40,0.37,0.27,0.36,0.22,0.34,1.39,0.16,0.04,0.08,0.84,0.97,0.50,0.29,0.21,0.25,0.78,0.93,0.72,0.67,0.05,0.34
08/05/2024,0.03,0.05,0.02,0.05,0.03,0.02,0.05,0.02,0.04,0.05,0.02,0.04,0.21,0.51,0.43,0.16,0.47,0.65,1.17,0.39,0.67,1.94,0.84,1.21,0.73,0.57,0.08,0.08,0.05,0.04,0.03,0.07,0.27,0.14,0.04,0.11,0.05,0.07,0.34,0.43,0.85,1.73,1.43,1.01,1.29,0.76,1.20,0.03
09/05/2024,0.74,0.74,0.72,0.18,0.02,0.04,0.04,0.02,0.05,0.02,0.03,0.05,0.19,0.79,0.25,0.49,0.11,0.09,0.33,0.38,0.72,1.57,1.69,1.02,0.40,0.53,0.09,0.19,0.24,0.19,0.14,0.14,0.21,0.28,0.34,0.12,0.10,0.08,0.43,0.49,0.20,0.79,0.85,0.30,0.40,0.06,0.07,0.75
10/05/2024,0.05,0.04,0.06,0.05,0.06,0.04,0.06,0.02,0.05,0.03,0.04,0.06,0.28,0.47,0.29,0.82,2.18,2.40,0.84,1.57,1.36,1.22,2.20,2.71,1.07,0.16,0.10,0.04,0.05,0.07,0.10,0.06,0.06,0.07,0.05,0.37,0.04,0.35,0.43,0.30,0.32,0.79,0.58,0.16,0.48,0.03,0.05,0.06
11/05/2024,0.06,0.02,0.04,0.02,0.04,0.02,0.05,0.03,0.05,0.72,1.21,1.03,0.07,0.04,0.02,0.05,0.01,0.04,0.02,0.04,0.02,0.04,0.02,0.03,0.03,0.02,0.04,0.01,0.05,0.02,0.04,0.03,0.02,0.04,0.02,0.04,0.02,0.03,0.03,0.02,0.05,0.02,0.04,0.03,0.02,0.04,0.02,0.03
12/05/2024,0.03,0.02,0.04,0.02,0.04,0.03,0.02,0.05,0.02,0.02,0.05,0.02,0.03,0.04,0.01,0.04,0.03,0.02,0.05,0.02,0.02,0.05,0.01,0.03,0.04,0.01,0.04,0.03,0.02,0.05,0.02,0.02,0.05,0.02,0.03,0.04,0.01,0.04,0.03,0.02,0.05,0.03,0.02,0.05,0.03,0.01,0.04,0.04
13/05/2024,0.01,0.06,0.05,0.03,0.01,0.04,0.03,0.02,0.05,0.02,0.01,0.05,0.02,0.01,0.05,0.02,0.01,0.04,0.03,0.01,0.04,0.04,0.01,0.03,0.04,0.01,0.03,0.05,0.01,0.02,0.05,0.03,0.02,0.03,0.04,0.01,0.02,0.05,0.02,0.01,0.04,0.04,0.01,0.02,0.05,0.02,1.81,0.03
14/05/2024,0.04,0.02,0.03,0.04,0.02,0.02,0.05,0.02,0.02,0.04,0.03,0.03,0.57,0.50,1.81,1.24,0.26,0.37,0.33,0.53,1.86,0.94,1.59,1.69,1.61,0.70,0.10,0.99,1.37,1.32,1.19,1.19,0.64,0.04,0.06,0.45,0.45,0.25,0.42,0.55,0.77,0.03,0.25,0.06,0.05,0.78,0.34,0.51
15/05/2024,0.03,0.04,0.05,0.03,0.05,0.02,0.04,0.05,0.02,0.05,0.04,0.22,0.68,3.13,0.97,0.54,0.35,0.42,0.66,0.25,1.07,0.56,0.20,0.53,1.01,0.34,0.25,0.14,0.06,0.09,0.67,0.69,0.99,1.85,0.56,0.42,0.19,1.91,0.16,0.05,0.09,0.11,0.06,0.03,0.05,0.03,0.06,0.48
16/05/2024,0.05,0.04,0.04,0.04,0.02,0.05,0.02,0.04,0.05,0.03,0.06,0.07,0.56,2.49,0.95,0.74,0.16,1.16,0.37,0.58,0.42,0.58,0.63,2.44,1.69,0.11,0.10,0.53,0.41,0.33,0.28,0.08,0.32,0.53,0.18,0.08,0.50,0.46,0.06,0.33,0.04,0.04,0.38,0.30,0.27,0.24,0.02,0.03
17/05/2024,0.02,0.03,0.04,0.01,0.05,0.02,0.03,0.04,0.02,0.04,0.08,0.03,0.61,1.92,1.38,0.37,1.37,0.91,0.25,0.94,0.08,0.07,0.08,0.06,0.10,2.94,0.09,0.54,0.26,0.12,0.11,0.09,0.12,0.27,0.05,0.50,0.61,1.02,0.36,0.08,0.29,0.27,0.46,0.36,0.30,0.29,0.17,0.04
18/05/2024,0.04,0.03,0.03,0.03,0.03,0.04,0.03,0.03,0.03,0.04,0.03,0.03,0.60,0.15,0.30,0.26,0.32,0.40,0.22,0.55,1.19,1.58,0.80,2.16,1.89,1.00,0.12,0.03,0.04,0.02,0.04,0.05,0.25,0.12,0.05,0.08,0.39,0.29,0.46,0.04,0.04,0.12,0.07,0.05,0.04,0.03,0.04,0.03
19/05/2024,0.05,0.03,0.04,0.03,0.03,0.04,0.03,0.04,0.03,0.04,0.03,0.03,0.20,0.55,0.25,0.43,0.21,0.56,0.26,0.65,1.44,2.42,1.98,2.23,1.21,0.39,0.86,0.99,0.04,0.05,0.03,0.05,0.03,0.03,0.06,0.32,0.18,0.08,0.07,0.39,1.25,1.67,0.42,0.03,0.46,0.26,0.44,0.02
20/05/2024,0.02,0.04,0.02,0.03,0.03,0.03,0.03,0.03,0.03,0.03,0.03,0.04,0.28,0.30,1.20,0.51,0.69,0.53,0.37,0.44,0.38,0.20,2.41,0.08,0.07,0.08,0.08,0.56,0.38,0.19,0.13,0.34,0.74,0.17,0.83,0.29,0.19,0.06,0.05,0.84,0.37,0.42,0.05,0.04,0.03,0.03,0.04,0.04
21/05/2024,0.04,0.04,0.02,0.04,0.03,0.04,0.04,0.03,0.05,0.03,0.05,0.03,0.64,0.42,1.56,1.10,0.35,0.48,0.07,0.44,0.36,0.42,0.31,0.50,0.32,0.08,0.63,0.19,0.10,0.63,1.41,1.38,0.54,0.44,0.28,0.11,0.10,0.56,0.84,0.06,0.36,0.03,0.05,0.02,0.05,0.03,0.60,0.03
22/05/2024,0.48,0.03,0.03,0.04,0.02,0.05,0.03,0.03,0.05,0.02,0.05,0.04,1.44,0.26,0.12,0.49,0.39,0.19,0.20,1.34,2.64,2.06,0.33,0.07,0.07,0.08,0.14,1.27,1.22,0.54,0.47,0.43,1.23,0.92,0.68,0.19,0.42,0.05,0.17,0.50,0.24,0.45,0.04,0.03,0.03,0.05,0.02,0.08
23/05/2024,0.03,0.02,0.05,0.02,0.02,0.05,0.02,0.02,0.05,0.03,0.02,0.66,1.40,1.09,1.30,0.17,0.81,0.46,0.10,0.25,2.88,0.61,0.35,0.40,1.11,2.61,0.34,0.22,0.23,0.29,0.19,0.64,1.64,0.69,1.24,0.56,0.45,0.41,0.84,1.02,0.73,0.72,0.75,0.73,0.73,0.74,0.71,0.04
24/05/2024,0.72,0.75,0.73,0.74,0.75,0.73,0.75,0.74,0.21,0.06,0.04,0.02,1.24,0.61,0.31,0.22,0.71,0.19,0.49,1.08,1.66,1.53,0.52,0.80,0.05,1.02,2.57,0.10,0.10,0.08,0.08,0.18,1.17,0.36,0.16,0.11,0.44,0.46,0.20,0.27,0.41,1.06,0.60,0.03,0.04,0.02,0.04,0.74
25/05/2024,0.05,0.02,0.03,0.04,0.01,0.05,0.02,0.03,0.04,0.02,0.04,0.04,0.02,0.69,0.15,0.42,0.61,0.28,0.08,0.28,0.63,0.64,1.31,0.63,0.34,0.04,0.02,0.05,0.02,0.03,0.04,0.02,0.05,0.03,0.02,0.05,0.03,0.02,0.05,0.02,0.22,1.19,0.45,0.33,0.17,0.03,0.02,0.02
26/05/2024,0.03,0.02,0.04,0.04,0.02,0.03,0.05,0.02,0.02,0.04,0.03,0.02,0.03,0.08,0.27,0.33,0.41,0.14,0.49,0.41,1.73,1.86,0.85,1.46,1.93,0.05,0.02,0.02,0.05,0.02,0.02,0.05,0.02,0.02,0.05,0.02,0.02,0.08,0.63,0.47,0.05,0.55,0.04,0.05,0.03,0.05,0.04,0.05
27/05/2024,0.04,0.03,0.02,0.04,0.03,0.02,0.04,0.03,0.02,0.04,0.04,0.02,0.61,0.46,1.04,0.21,0.39,0.47,0.52,1.50,2.17,0.07,0.96,0.21,0.06,0.11,0.11,0.37,1.35,1.36,1.40,0.10,0.20,0.27,0.55,0.54,0.54,0.57,0.75,0.05,0.04,0.79,0.74,0.25,0.04,0.02,0.05,0.02
28/05/2024,0.04,0.04,0.02,0.05,0.03,0.02,0.05,0.02,0.03,0.06,0.02,0.02,0.38,0.89,0.70,0.34,0.34,0.24,0.32,0.02,0.52,2.12,1.95,0.31,0.02,0.06,0.02,0.14,0.07,0.09,0.30,0.33,0.79,0.24,0.77,0.32,0.23,0.07,0.15,0.12,0.49,0.02,0.04,0.03,0.04,0.05,0.02,0.02
29/05/2024,0.04,0.02,0.05,0.03,0.02,0.05,0.02,0.02,0.05,0.03,0.03,0.05,0.35,2.13,2.43,0.68,0.47,0.77,0.63,0.56,0.84,0.49,0.44,0.23,1.64,2.04,0.63,0.15,0.34,0.11,1.85,0.07,0.09,0.41,0.04,0.42,0.34,0.36,0.25,0.25,0.06,0.68,0.57,0.04,0.03,0.04,0.02,0.03
30/05/2024,0.02,0.04,0.03,0.03,0.05,0.06,0.05,0.02,0.67,0.38,0.02,0.04,0.98,2.14,2.19,0.67,0.23,0.44,1.55,1.98,1.28,1.64,1.09,0.25,0.82,0.69,0.16,0.21,0.27,0.17,0.08,0.43,0.18,0.36,0.16,0.44,0.40,0.76,1.03,0.29,0.23,1.02,0.84,0.71,0.73,0.02,0.05,0.05
31/05/2024,0.03,0.05,0.02,0.04,0.04,0.02,0.05,0.03,0.03,0.05,0.03,0.02,0.66,0.73,3.86,0.69,0.65,1.09,0.95,2.07,1.04,0.09,0.80,0.11,0.07,0.40,0.21,1.15,1.25,1.30,1.15,1.15,1.30,0.70,0.20,0.09,0.93,0.58,0.56,0.05,0.23,0.59,0.12,0.06,0.28,0.28,0.02,0.03
01/06/2024,0.03,0.03,0.05,0.02,0.04,0.04,0.02,0.05,0.03,0.02,0.05,0.07,0.06,0.77,2.47,0.65,0.48,0.27,0.50,0.10,0.88,1.36,0.73,0.36,0.04,0.07,0.05,0.11,0.39,0.07,0.04,0.14,0.69,0.02,0.06,0.41,0.42,0.15,1.82,0.53,0.34,0.11,0.09,0.07,0.06,0.03,0.04,0.05
02/06/2024,0.02,0.05,0.04,0.02,0.04,0.04,0.02,0.04,0.04,0.02,0.03,0.05,0.05,0.63,0.33,0.35,0.54,0.36,0.27,0.04,0.13,1.10,2.31,4.04,0.74,0.17,1.00,0.04,0.03,0.05,0.02,0.04,0.04,0.02,0.04,0.08,0.08,0.09,0.59,0.42,0.26,0.05,0.53,0.02,0.06,0.03,0.02,0.05
03/06/2024,0.02,0.02,0.05,0.02,0.02,0.05,0.02,0.02,0.05,0.03,0.02,0.06,0.03,1.00,1.91,0.62,0.48,0.56,0.20,0.08,0.52,0.88,1.55,0.88,0.30,2.43,2.31,0.34,0.49,0.06,0.38,0.09,0.25,0.07,0.04,0.05,0.15,0.42,0.06,0.29,0.07,0.33,0.05,0.02,0.05,0.02,0.03,0.05
04/06/2024,0.02,0.04,0.03,0.02,0.05,0.03,0.02,0.05,0.03,0.02,0.06,0.06,0.17,1.12,2.64,0.69,0.39,0.42,0.96,0.75,2.32,3.22,1.89,1.25,0.09,1.32,2.08,0.07,0.12,0.23,0.17,0.15,0.09,0.09,0.32,0.87,0.16,0.34,0.40,1.46,0.20,0.18,0.81,0.09,0.05,0.04,0.02,0.04
05/06/2024,0.03,0.02,0.05,0.02,0.03,0.05,0.02,0.03,0.05,0.03,0.03,0.15,1.65,0.66,1.29,2.27,0.84,0.43,0.85,0.53,0.57,0.43,2.80,1.62,0.87,0.39,0.27,0.17,0.08,0.08,0.98,0.70,0.62,0.42,0.53,0.78,1.86,0.08,0.06,0.13,0.07,0.06,0.41,0.56,0.75,0.74,0.74,0.04
06/06/2024,0.74,0.73,0.75,0.58,0.02,0.02,0.05,0.03,0.03,0.04,0.06,0.03,0.47,1.02,1.73,2.55,0.42,0.80,0.63,1.65,1.50,1.52,0.33,1.42,1.08,0.27,2.41,0.88,1.61,0.87,0.81,0.65,0.78,0.19,0.13,1.15,1.24,0.62,0.14,0.11,0.06,0.05,0.80,0.05,0.06,0.09,0.52,0.75
07/06/2024,0.02,0.05,0.03,0.02,0.05,0.04,0.02,0.04,0.05,0.03,0.04,0.50,0.97,1.82,1.40,0.22,1.16,0.36,0.79,0.72,0.26,1.55,1.36,1.68,0.11,0.11,0.13,0.11,0.43,0.25,0.11,0.07,0.14,0.23,0.05,1.48,1.24,0.21,0.09,0.67,0.78,0.27,0.03,0.06,0.10,0.03,0.05,0.04
08/06/2024,0.04,0.04,0.02,0.05,0.03,0.02,0.05,0.03,0.02,0.04,0.04,0.02,0.88,1.37,0.24,0.68,0.66,1.10,1.32,1.60,2.86,2.31,0.60,3.69,1.27,0.06,0.11,0.07,0.09,0.23,0.05,0.04,0.05,0.05,0.04,0.06,0.03,0.06,0.04,0.04,0.10,0.13,0.05,0.02,0.03,0.04,0.02,0.02
09/06/2024,0.06,0.04,0.02,0.05,0.02,0.02,0.08,0.05,0.04,0.03,0.02,0.05,0.03,0.02,0.89,0.36,0.31,0.47,0.34,0.20,0.27,0.26,0.11,0.02,0.51,0.29,1.69,0.35,0.15,0.13,0.40,0.25,0.24,0.08,0.06,0.36,1.12,0.95,1.16,0.67,0.26,1.26,0.76,0.55,0.04,0.05,0.02,0.12
10/06/2024,0.03,0.02,0.05,0.02,0.03,0.05,0.02,0.03,0.05,0.02,0.02,0.05,0.87,0.76,0.55,2.55,0.94,0.43,0.62,1.60,1.57,0.21,0.12,0.12,1.22,1.12,0.09,0.99,1.38,1.26,2.76,1.25,1.57,0.42,0.28,0.41,0.19,0.03,0.31,0.65,0.08,0.65,0.05,0.47,0.03,0.04,0.05,0.04
11/06/2024,0.05,0.03,0.02,0.05,0.03,0.03,0.07,0.05,0.58,0.74,0.77,0.35,0.42,0.54,1.04,2.01,0.26,0.26,0.36,0.70,1.00,0.22,0.14,0.16,1.01,1.07,0.30,0.11,0.25,0.10,0.08,0.07,0.24,0.38,0.34,0.31,0.29,0.07,0.08,0.58,0.56,0.13,0.46,0.02,0.05,0.02,0.03,0.02
12/06/2024,0.02,0.04,0.03,0.02,0.08,0.02,0.03,0.04,0.02,0.03,0.04,0.02,0.49,0.33,1.59,1.17,0.41,0.02,0.44,0.45,0.67,0.46,0.29,0.92,2.51,0.86,0.12,0.29,0.17,0.17,0.07,0.09,0.31,0.14,1.83,0.43,1.04,1.45,1.11,0.25,0.46,0.05,0.02,0.05,0.02,0.04,0.03,0.04
13/06/2024,0.05,0.02,0.05,0.02,0.04,0.04,0.02,0.05,0.02,0.03,0.07,0.05,0.31,1.91,2.30,1.41,0.42,0.44,0.25,0.54,0.42,0.70,0.27,1.83,1.88,0.33,0.07,0.08,0.15,0.10,0.05,0.04,0.22,0.14,0.03,0.17,0.46,0.29,0.04,0.11,0.06,0.07,0.05,0.05,0.02,0.05,0.02,0.03
14/06/2024,0.04,0.02,0.05,0.02,0.03,0.04,0.02,0.04,0.03,0.02,0.05,0.03,0.22,2.26,3.00,0.73,0.83,0.54,0.17,0.56,0.49,0.16,2.77,1.19,1.00,2.14,0.08,0.18,0.11,0.37,0.47,0.17,0.63,0.22,0.04,0.80,0.58,0.30,0.83,0.45,0.09,0.11,0.58,0.10,0.44,0.05,0.03,0.04
15/06/2024,0.04,0.02,0.05,0.02,0.04,0.04,0.02,0.05,0.03,0.03,0.06,0.07,0.05,1.02,1.72,2.11,1.17,0.99,0.50,0.31,2.90,3.49,0.23,0.59,0.14,0.46,0.04,0.02,0.05,0.02,0.03,0.04,0.02,0.04,0.04,0.16,0.05,0.03,0.12,0.11,0.34,0.12,0.03,0.03,0.04,0.02,0.03,0.04
16/06/2024,0.02,0.03,0.05,0.02,0.02,0.05,0.03,0.02,0.05,0.03,0.02,0.04,0.04,0.57,0.52,0.61,0.81,0.44,0.19,0.29,1.05,0.39,1.68,4.51,1.90,0.31,0.12,0.11,1.36,0.74,1.18,0.32,0.33,0.07,0.03,1.05,2.35,2.75,0.39,0.39,0.39,0.17,0.42,0.32,0.05,0.03,0.03,0.04
17/06/2024,0.02,0.03,0.04,0.02,0.03,0.04,0.02,0.02,0.05,0.02,0.02,0.05,1.01,0.55,0.86,2.01,0.66,1.08,1.13,0.86,2.30,2.71,0.98,2.29,0.07,1.08,1.06,0.20,0.89,1.17,1.17,1.40,2.15,0.44,1.03,0.37,0.59,0.16,0.35,0.38,0.50,0.03,0.05,0.01,0.05,0.02,0.03,0.05
18/06/2024,0.02,0.05,0.03,0.02,0.05,0.02,0.03,0.05,0.02,0.63,0.74,0.71,0.69,2.81,2.97,0.18,0.46,0.61,0.15,0.76,0.69,1.25,2.33,2.21,0.21,0.03,0.05,0.15,0.24,0.21,0.09,0.07,0.25,0.04,0.19,0.79,0.56,1.05,0.16,0.09,0.07,0.08,0.43,1.36,0.09,0.03,0.04,0.04
19/06/2024,0.02,0.04,0.03,0.02,0.05,0.03,0.02,0.05,0.03,0.02,0.05,0.03,0.85,0.92,1.50,0.27,1.38,0.38,0.77,1.09,1.51,0.61,0.36,1.89,2.46,0.58,0.08,0.43,0.09,0.21,0.05,0.05,0.03,0.03,0.04,0.02,0.05,0.36,0.37,0.16,1.74,0.96,0.38,0.43,0.11,0.03,0.05,0.04
20/06/2024,0.03,0.04,0.02,0.04,0.04,0.02,0.04,0.04,0.02,0.05,0.04,0.02,0.04,0.96,1.65,0.98,0.60,0.18,0.42,0.28,0.24,0.18,2.48,2.05,0.29,0.08,0.25,0.06,0.06,0.08,0.04,0.07,0.65,0.29,0.56,0.43,1.86,0.26,0.36,1.44,0.88,0.20,0.47,0.04,0.03,0.06,0.03,0.02
21/06/2024,0.02,0.05,0.02,0.04,0.02,0.04,0.03,0.02,0.05,0.02,0.05,0.03,0.34,2.38,3.51,0.28,0.99,0.24,0.47,0.23,0.04,0.08,1.64,2.43,0.12,0.36,0.13,0.04,0.07,0.06,0.07,0.56,0.52,0.19,0.06,0.49,1.15,1.39,1.11,0.11,0.08,0.93,1.06,0.51,0.30,0.05,0.03,0.06
22/06/2024,0.05,0.06,0.05,0.02,0.03,0.05,0.02,0.03,0.04,0.02,0.03,0.04,0.08,1.77,1.94,0.47,0.43,0.44,0.54,0.07,0.02,0.10,0.78,0.88,2.26,0.19,0.45,1.57,0.07,0.17,0.07,0.17,0.68,1.81,1.45,0.46,0.26,0.19,0.03,1.17,0.86,0.06,0.46,0.03,0.04,0.02,0.04,0.03
23/06/2024,0.02,0.05,0.02,0.03,0.04,0.02,0.03,0.04,0.02,0.03,0.04,0.02,0.03,1.96,1.87,0.38,0.22,0.72,0.16,0.25,0.25,2.02,0.49,0.41,2.71,1.50,1.36,0.44,1.82,0.07,0.02,0.05,0.02,0.04,0.08,0.34,0.07,1.47,1.01,0.45,0.49,0.03,0.04,0.02,0.04,0.02,0.04,0.03
24/06/2024,0.05,0.02,0.04,0.03,0.02,0.04,0.01,0.04,0.03,0.02,0.05,0.02,1.09,2.43,1.76,0.30,0.62,0.13,0.28,0.57,0.69,0.21,0.04,1.23,1.42,0.17,0.45,0.28,0.38,0.04,0.44,0.34,0.76,0.15,0.06,0.58,0.29,0.40,0.29,0.16,0.77,0.31,0.07,0.03,0.06,0.05,0.04,0.01
25/06/2024,0.02,0.05,0.02,0.03,0.04,0.02,0.04,0.05,0.02,0.04,0.04,0.02,0.71,1.89,2.13,0.42,0.56,0.92,0.77,0.85,1.39,2.01,1.98,1.31,0.67,0.24,0.07,0.04,0.05,0.04,0.04,0.12,0.32,0.06,0.05,0.06,0.18,1.37,0.98,1.50,1.58,1.10,1.57,1.28,0.68,0.04,0.02,0.04
26/06/2024,0.03,0.02,0.05,0.02,0.02,0.04,0.01,0.19,2.37,1.14,1.39,1.82,0.18,0.03,0.01,0.04,0.01,0.02,0.03,0.01,0.04,0.01,0.02,0.03,0.01,0.04,0.01,0.02,0.03,0.01,0.03,0.02,0.01,0.04,0.01,0.02,0.03,0.01,0.03,0.02,0.01,0.04,0.01,0.02,0.04,0.01,0.02,0.05
27/06/2024,0.01,0.03,0.02,0.01,0.04,0.02,0.01,0.04,0.01,0.01,0.04,0.01,0.01,0.04,0.01,0.01,0.04,0.01,0.01,0.04,0.02,0.01,0.04,0.02,0.01,0.04,0.02,0.01,0.04,0.02,0.01,0.03,0.02,0.01,0.03,0.02,0.01,0.03,0.06,0.04,0.02,0.01,0.04,0.02,0.01,0.03,0.03,0.03
28/06/2024,0.02,0.04,0.01,0.01,0.04,0.03,0.01,0.02,0.04,0.01,0.01,0.04,0.02,0.01,0.02,0.04,0.01,0.01,0.03,0.03,0.01,0.01,0.04,0.01,0.01,0.03,0.03,0.01,0.02,0.04,0.01,0.01,0.04,0.03,0.01,0.02,0.04,0.01,0.01,0.04,0.03,0.01,0.02,0.04,0.02,0.01,0.03,0.01
29/06/2024,0.01,0.01,0.04,0.02,0.01,0.02,0.04,0.01,0.01,0.03,0.04,0.01,0.01,0.03,0.03,0.01,0.01,0.04,0.02,0.01,0.03,0.03,0.01,0.01,0.04,0.02,0.01,0.03,0.03,0.01,0.02,0.04,0.01,0.01,0.03,0.03,0.01,0.01,0.04,0.01,0.01,0.03,0.03,0.01,0.01,0.04,0.02,0.04
30/06/2024,0.02,0.04,0.01,0.01,0.03,0.04,0.01,0.01,0.03,0.04,0.01,0.01,0.03,0.04,0.01,0.01,0.03,0.06,0.04,0.02,0.01,0.01,0.04,0.02,0.01,0.02,0.04,0.02,0.01,0.03,0.04,0.01,0.01,0.03,0.03,0.01,0.01,0.04,0.02,0.01,0.02,0.04,0.01,0.01,0.02,0.04,0.01,0.01
01/07/2024,0.03,0.03,0.01,0.01,0.03,0.03,0.01,0.01,0.04,0.02,0.01,0.01,0.04,0.02,0.01,0.01,0.04,0.02,0.01,0.01,0.04,0.03,0.01,0.01,0.04,0.03,0.01,0.01,0.04,0.02,0.01,0.01,0.04,0.02,0.01,0.02,0.04,0.02,0.01,0.02,0.04,0.02,0.01,0.02,0.04,0.02,0.01,0.01
02/07/2024,0.04,0.02,0.01,0.01,0.04,0.02,0.01,0.01,0.04,0.03,0.01,0.01,0.04,0.03,0.01,0.01,0.03,0.04,0.01,0.01,0.02,0.04,0.02,0.01,0.02,0.04,0.02,0.01,0.01,0.04,0.02,0.01,0.01,0.04,0.02,0.01,0.02,0.04,0.02,0.01,0.02,0.04,0.02,0.01,0.02,0.06,0.04,0.02
03/07/2024,0.01,0.02,0.04,1.69,0.24,0.04,0.05,0.01,0.01,0.04,0.03,0.01,0.03,0.05,0.19,1.45,0.79,0.58,0.12,0.74,0.26,1.15,1.27,1.41,0.15,1.83,2.11,0.84,1.00,1.50,0.35,0.71,0.23,0.23,0.09,0.04,0.04,0.03,0.46,0.49,0.19,0.99,1.04,0.77,0.72,0.75,0.71,0.02
04/07/2024,0.05,0.02,0.04,0.04,0.02,0.03,0.04,0.02,0.03,0.06,0.03,0.02,0.05,1.01,1.64,0.24,0.51,0.72,0.40,0.50,0.64,0.37,0.30,1.29,4.09,1.30,1.81,0.16,0.10,0.07,0.15,0.08,0.10,0.30,0.11,0.04,0.29,0.34,0.35,0.18,0.17,0.67,0.71,0.26,0.26,0.05,0.04,0.18
05/07/2024,0.04,0.04,0.02,0.04,0.04,0.02,0.03,0.06,0.07,0.04,0.03,0.05,0.04,0.72,2.25,1.30,0.20,0.60,0.48,0.16,0.64,1.82,1.48,2.40,1.80,0.75,0.74,0.05,0.06,0.03,0.05,0.04,0.44,0.03,0.05,0.62,0.63,0.07,0.08,0.47,0.61,0.24,0.94,0.61,0.19,0.44,0.21,0.02
06/07/2024,0.02,0.04,0.32,0.02,0.05,0.02,0.15,0.22,0.02,0.03,0.04,0.01,0.04,0.08,0.55,0.16,0.19,0.53,0.38,0.14,0.57,0.62,2.43,2.25,3.58,1.33,0.06,0.10,0.04,0.07,0.04,0.09,0.32,0.06,0.19,0.47,0.11,0.40,0.28,0.13,0.47,0.35,0.53,0.11,0.07,0.07,0.03,0.05
07/07/2024,0.05,0.02,0.03,0.07,0.05,0.03,0.02,0.04,0.04,0.02,0.03,0.06,0.03,0.07,0.24,0.47,1.19,1.74,0.73,0.17,0.26,0.65,0.06,0.38,1.84,0.59,1.22,0.64,0.14,0.41,0.30,0.40,0.14,0.04,0.29,0.10,0.17,0.06,0.11,0.47,0.48,0.41,0.10,0.04,0.05,0.02,0.17,0.04
08/07/2024,0.02,0.05,0.04,0.02,0.04,0.05,0.02,0.03,0.06,0.04,0.03,0.05,0.04,2.08,0.48,0.48,0.64,0.76,0.38,1.19,2.18,0.41,1.51,1.45,1.98,2.51,1.03,1.01,0.83,0.26,0.30,0.45,0.04,0.22,0.12,0.04,0.40,0.54,0.07,0.33,1.47,0.43,0.31,0.45,0.06,0.03,0.03,0.04
09/07/2024,0.03,0.03,0.05,0.02,0.02,0.05,0.03,0.02,0.07,0.05,0.05,0.02,0.03,0.05,1.56,2.01,0.65,1.06,0.20,0.16,0.73,0.54,1.33,0.22,2.81,1.48,0.76,0.74,0.73,0.73,0.93,0.71,0.43,0.18,0.27,0.26,0.17,0.43,0.21,0.46,0.30,0.46,0.05,0.02,0.05,0.03,0.00,0.05
10/07/2024,0.02,0.03,0.04,0.01,0.04,0.04,0.02,0.03,0.04,0.02,0.03,0.05,0.01,0.95,2.24,0.81,0.30,0.37,0.30,0.39,1.35,0.74,2.63,1.67,2.73,4.87,1.17,0.13,0.07,0.12,0.40,0.34,0.36,0.25,0.07,0.07,0.05,0.33,0.53,0.27,0.71,0.66,1.01,0.64,0.29,0.24,0.04,0.05
11/07/2024,0.02,0.05,0.04,0.02,0.06,0.04,0.02,0.05,0.03,0.02,0.07,0.05,0.04,0.02,1.29,0.50,0.24,0.32,0.42,0.57,0.66,0.54,1.12,2.30,0.69,1.95,0.25,0.14,0.13,0.09,0.09,0.22,0.70,0.73,0.42,0.26,0.45,0.24,0.25,1.23,1.55,0.87,0.41,0.13,0.05,0.03,0.05,0.05
12/07/2024,0.04,0.04,0.02,0.05,0.03,0.04,0.04,0.02,0.04,0.03,0.02,0.05,0.03,0.53,1.75,0.82,0.86,0.55,0.70,0.72,1.43,1.93,2.40,0.48,1.65,0.63,0.66,0.33,0.37,0.27,0.23,0.19,0.16,0.08,0.06,0.20,0.14,0.08,0.08,0.22,0.67,0.45,1.07,0.30,0.35,0.15,0.05,0.02
13/07/2024,0.04,0.03,0.02,0.05,0.02,0.02,0.06,0.05,0.02,0.02,0.05,0.02,0.03,0.81,1.79,0.46,0.63,0.87,0.24,0.10,1.93,0.49,0.05,0.10,0.84,1.85,2.10,1.20,0.14,0.08,0.32,0.12,0.31,0.11,0.09,0.07,0.15,0.09,0.42,0.27,0.30,0.65,0.80,0.07,0.48,0.03,0.04,0.02
14/07/2024,0.02,0.05,0.02,0.03,0.04,0.02,0.03,0.04,0.02,0.04,0.04,0.02,0.03,0.41,2.22,1.06,0.46,0.84,0.16,1.19,0.33,0.42,1.44,0.68,0.62,1.77,0.71,0.29,1.84,1.73,1.25,0.45,0.02,0.04,0.03,0.02,0.05,0.02,0.02,0.05,0.01,0.12,0.31,0.02,0.03,0.05,0.02,0.03